<?xml version="1.0" encoding="utf-8"?>
<templates>
  <template type="public" title="stafflinks_code_insert" version_id="1000010" version_string="1.0.0 Alpha"><![CDATA[<xf:if contentcheck="true">
	<a class="p-staffBar-link menuTrigger" data-xf-click="menu" data-xf-key="alt+m" role="button" tabindex="0" aria-expanded="false" aria-haspopup="true">{{ phrase('staff_tools') }}</a>
	<div class="menu" data-menu="menu" aria-hidden="true">
		<div class="menu-content">
			<h4 class="menu-header">{{ phrase('staff_tools') }}</h4>
			<xf:contentcheck>
				<xf:if is="$xf.visitor.is_moderator">
					<a href="{{ phrase('slack_invite') }}" class="menu-linkRow">{{ phrase('join_slack') }}</a>
				</xf:if>
				<xf:if is="$xf.visitor.is_moderator">
					<a href="{{ phrase('slack_workspace_url') }}" class="menu-linkRow">{{ phrase('slack_workspace') }}</a>
				</xf:if>
			</xf:contentcheck>
		</div>
	</div>
</xf:if>]]></template>
</templates>
